{
  "expval": {
    "0": [
      0.79,
      0.744,
      0.732,
      0.74,
      0.768
    ],
    "0.001": [
      0.79,
      0.744,
      0.732,
      0.74,
      0.768
    ],
    "0.002": [
      0.79,
      0.744,
      0.732,
      0.74,
      0.768
    ],
    "0.005": [
      0.79,
      0.744,
      0.732,
      0.74,
      0.768
    ],
    "0.01": [
      0.79,
      0.744,
      0.768,
      0.74,
      0.768
    ],
    "0.02": [
      0.79,
      0.768,
      0.768,
      0.7380000000000001,
      0.768
    ],
    "0.05": [
      0.726,
      0.7619999999999999,
      0.742,
      0.72,
      0.5519999999999999
    ]
  },
  "topk": {
    "0": [
      0.79,
      0.744,
      0.7780000000000001,
      0.74,
      0.768
    ],
    "0.001": [
      0.79,
      0.744,
      0.7780000000000001,
      0.74,
      0.768
    ],
    "0.002": [
      0.79,
      0.744,
      0.7780000000000001,
      0.74,
      0.768
    ],
    "0.005": [
      0.79,
      0.744,
      0.768,
      0.74,
      0.768
    ],
    "0.01": [
      0.79,
      0.744,
      0.768,
      0.74,
      0.768
    ],
    "0.02": [
      0.79,
      0.768,
      0.768,
      0.74,
      0.768
    ],
    "0.05": [
      0.726,
      0.724,
      0.764,
      0.658,
      0.55
    ]
  },
  "sampling": {
    "0": [
      0.784,
      0.772,
      0.788,
      0.766,
      0.768
    ],
    "0.001": [
      0.7939999999999999,
      0.798,
      0.7979999999999999,
      0.766,
      0.768
    ],
    "0.002": [
      0.7939999999999999,
      0.798,
      0.7979999999999999,
      0.766,
      0.768
    ],
    "0.005": [
      0.7939999999999999,
      0.798,
      0.7979999999999999,
      0.792,
      0.768
    ],
    "0.01": [
      0.7939999999999999,
      0.798,
      0.7979999999999999,
      0.792,
      0.768
    ],
    "0.02": [
      0.7939999999999999,
      0.798,
      0.7979999999999999,
      0.792,
      0.768
    ],
    "0.05": [
      0.7939999999999999,
      0.798,
      0.7979999999999999,
      0.792,
      0.768
    ]
  }
}