{
 "config": {
  "lam": 1.0,
  "n_pre": 18,
  "k": 6,
  "seeds": [
   0,
   1,
   2,
   3,
   4
  ],
  "classifiers": [
   "svm",
   "knn",
   "logreg",
   "rf"
  ],
  "methods": [
   "rel",
   "rand",
   "greedy",
   "mf",
   "sa"
  ]
 },
 "datasets": {
  "WDBC": {
   "exact_subset": [
    2,
    3,
    9,
    10,
    16,
    17
   ],
   "svm": {
    "exact_acc": 0.9676696165191739,
    "gap_mean": {
     "rel": 0.017907157273715214,
     "rand": 0.0003415618692748978,
     "greedy": 0.0014097189877347426,
     "mf": -0.001058841794752441,
     "sa": 0.0
    },
    "gap_std": {
     "rel": 0.0025874996620392416,
     "rand": 0.003916413894613801,
     "greedy": 0.004357279659231455,
     "mf": 0.004103613615165512,
     "sa": 0.0
    }
   },
   "knn": {
    "exact_acc": 0.964151529265642,
    "gap_mean": {
     "rel": 0.015447911814935567,
     "rand": 0.00280701754385968,
     "greedy": 0.003154789628939647,
     "mf": 0.0014035087719298732,
     "sa": 0.0
    },
    "gap_std": {
     "rel": 0.004772854882481894,
     "rand": 0.008998383048273065,
     "greedy": 0.004773050829194887,
     "mf": 0.0043630313002075,
     "sa": 0.0
    }
   },
   "logreg": {
    "exact_acc": 0.9683868964446514,
    "gap_mean": {
     "rel": 0.01756870051234276,
     "rand": 0.002105263157894699,
     "greedy": 0.005974227604409177,
     "mf": 0.0017574910728147986,
     "sa": 0.0
    },
    "gap_std": {
     "rel": 0.0022290609186211355,
     "rand": 0.0025741999984537143,
     "greedy": 0.001791579990110537,
     "mf": 0.001572650556650348,
     "sa": 0.0
    }
   },
   "rf": {
    "exact_acc": 0.9595870206489675,
    "gap_mean": {
     "rel": 0.015447911814935522,
     "rand": -0.002819437975469641,
     "greedy": 0.0063251047973916785,
     "mf": 0.00386585933861201,
     "sa": 0.0
    },
    "gap_std": {
     "rel": 0.006806244948262269,
     "rand": 0.008372211637687718,
     "greedy": 0.003064579476176337,
     "mf": 0.003398057918611915,
     "sa": 0.0
    }
   }
  },
  "Ionosphere": {
   "exact_subset": [
    0,
    2,
    3,
    10,
    14,
    17
   ],
   "svm": {
    "exact_acc": 0.9282092555331992,
    "gap_mean": {
     "rel": 0.04902213279678065,
     "rand": 0.007404426559356114,
     "greedy": 0.0028329979879275547,
     "mf": -0.0017062374245472966,
     "sa": 0.0
    },
    "gap_std": {
     "rel": 0.0038031383935730268,
     "rand": 0.009637100235976857,
     "greedy": 0.0031151768108728804,
     "mf": 0.0034124748490945932,
     "sa": 0.0
    }
   },
   "knn": {
    "exact_acc": 0.8940523138832998,
    "gap_mean": {
     "rel": 0.037609657947686156,
     "rand": 0.00969014084507045,
     "greedy": 0.013665995975855183,
     "mf": 0.01195975855130782,
     "sa": 0.0
    },
    "gap_std": {
     "rel": 0.01404516724980049,
     "rand": 0.008731908488184083,
     "greedy": 0.007038946047103697,
     "mf": 0.016771956099104007,
     "sa": 0.0
    }
   },
   "logreg": {
    "exact_acc": 0.8200321931589538,
    "gap_mean": {
     "rel": -0.008523138832997912,
     "rand": -0.0005150905432595332,
     "greedy": -0.0016901408450704202,
     "mf": 1.6096579476854166e-05,
     "sa": 0.0
    },
    "gap_std": {
     "rel": 0.0036017692713302286,
     "rand": 0.005762226982708205,
     "greedy": 0.006165641333375802,
     "mf": 0.0017562246048431873,
     "sa": 0.0
    }
   },
   "rf": {
    "exact_acc": 0.9236700201207244,
    "gap_mean": {
     "rel": 0.022800804828973863,
     "rand": -0.0034205231388330535,
     "greedy": -0.015983903420523204,
     "mf": -0.0011348088531187184,
     "sa": 0.0
    },
    "gap_std": {
     "rel": 0.009547476850732392,
     "rand": 0.01217033410276469,
     "greedy": 0.005575344886761182,
     "mf": 0.0022897914723004386,
     "sa": 0.0
    }
   }
  },
  "Sonar": {
   "exact_subset": [
    1,
    2,
    6,
    11,
    12,
    15
   ],
   "svm": {
    "exact_acc": 0.7432984901277584,
    "gap_mean": {
     "rel": 0.006736353077816504,
     "rand": -0.0030197444831591147,
     "greedy": -0.0067595818815330945,
     "mf": 0.0,
     "sa": 0.0
    },
    "gap_std": {
     "rel": 0.008493932171769593,
     "rand": 0.017796811295910694,
     "greedy": 0.008940947297635966,
     "mf": 0.0,
     "sa": 0.0
    }
   },
   "knn": {
    "exact_acc": 0.7498954703832752,
    "gap_mean": {
     "rel": 0.014308943089430893,
     "rand": -0.021254355400696822,
     "greedy": -0.017375145180023234,
     "mf": 0.0,
     "sa": 0.0
    },
    "gap_std": {
     "rel": 0.0068378749088926095,
     "rand": 0.016194824758404926,
     "greedy": 0.009606619949987752,
     "mf": 0.0,
     "sa": 0.0
    }
   },
   "logreg": {
    "exact_acc": 0.731753774680604,
    "gap_mean": {
     "rel": -0.011660859465737517,
     "rand": 0.005760743321718942,
     "greedy": -0.02787456445993026,
     "mf": 0.0,
     "sa": 0.0
    },
    "gap_std": {
     "rel": 0.012344442838764666,
     "rand": 0.005606087825151522,
     "greedy": 0.012398611981493638,
     "mf": 0.0,
     "sa": 0.0
    }
   },
   "rf": {
    "exact_acc": 0.759581881533101,
    "gap_mean": {
     "rel": 0.02325203252032515,
     "rand": -0.005900116144018597,
     "greedy": -0.016306620209059264,
     "mf": 0.0,
     "sa": 0.0
    },
    "gap_std": {
     "rel": 0.012021528708471188,
     "rand": 0.024631449308903163,
     "greedy": 0.02609873686207935,
     "mf": 0.0,
     "sa": 0.0
    }
   }
  }
 }
}