{
  "config": {
    "n": 8,
    "k": 3,
    "L": 4,
    "seeds": [
      0,
      1,
      2,
      3,
      4
    ],
    "train_steps": 200,
    "lr": 0.06,
    "tau0": 1.0,
    "tau1": 10.0,
    "alpha": 5.0,
    "noise_levels": [
      0.0,
      0.001,
      0.002,
      0.005,
      0.01,
      0.02,
      0.05
    ],
    "coherent": 0.5,
    "p_readout": 2.0,
    "shots": 4096
  },
  "p1_star": 0.0015743412240199306,
  "acc": {
    "expval": {
      "0.0": [
        0.764,
        0.752,
        0.7839999999999999,
        0.7699999999999999,
        0.774
      ],
      "0.001": [
        0.764,
        0.752,
        0.7839999999999999,
        0.7699999999999999,
        0.774
      ],
      "0.002": [
        0.764,
        0.752,
        0.7839999999999999,
        0.7699999999999999,
        0.774
      ],
      "0.005": [
        0.75,
        0.752,
        0.7839999999999999,
        0.7699999999999999,
        0.7540000000000001
      ],
      "0.01": [
        0.72,
        0.8039999999999999,
        0.7839999999999999,
        0.7699999999999999,
        0.7540000000000001
      ],
      "0.02": [
        0.74,
        0.778,
        0.79,
        0.7380000000000001,
        0.712
      ],
      "0.05": [
        0.5,
        0.5,
        0.5,
        0.6140000000000001,
        0.5
      ]
    },
    "topk": {
      "0.0": [
        0.75,
        0.752,
        0.7839999999999999,
        0.7699999999999999,
        0.7540000000000001
      ],
      "0.001": [
        0.75,
        0.752,
        0.7839999999999999,
        0.7699999999999999,
        0.7540000000000001
      ],
      "0.002": [
        0.75,
        0.752,
        0.7839999999999999,
        0.7699999999999999,
        0.7540000000000001
      ],
      "0.005": [
        0.75,
        0.752,
        0.7839999999999999,
        0.7699999999999999,
        0.7540000000000001
      ],
      "0.01": [
        0.75,
        0.792,
        0.7839999999999999,
        0.7699999999999999,
        0.7540000000000001
      ],
      "0.02": [
        0.74,
        0.778,
        0.774,
        0.7379999999999999,
        0.71
      ],
      "0.05": [
        0.7140000000000001,
        0.67,
        0.7180000000000001,
        0.7379999999999999,
        0.7
      ]
    },
    "sampling": {
      "0.0": [
        0.7620000000000001,
        0.7779999999999999,
        0.778,
        0.74,
        0.75
      ],
      "0.001": [
        0.756,
        0.7779999999999999,
        0.774,
        0.774,
        0.7460000000000001
      ],
      "0.002": [
        0.756,
        0.7779999999999999,
        0.774,
        0.774,
        0.7460000000000001
      ],
      "0.005": [
        0.756,
        0.7779999999999999,
        0.774,
        0.774,
        0.7460000000000001
      ],
      "0.01": [
        0.756,
        0.7779999999999999,
        0.774,
        0.774,
        0.7460000000000001
      ],
      "0.02": [
        0.756,
        0.7779999999999999,
        0.774,
        0.774,
        0.7460000000000001
      ],
      "0.05": [
        0.756,
        0.7779999999999999,
        0.774,
        0.774,
        0.7460000000000001
      ]
    }
  },
  "card": {
    "expval": {
      "0.0": [
        0,
        1,
        1,
        1,
        0
      ],
      "0.001": [
        0,
        1,
        1,
        1,
        0
      ],
      "0.002": [
        0,
        1,
        1,
        1,
        0
      ],
      "0.005": [
        1,
        1,
        1,
        1,
        1
      ],
      "0.01": [
        0,
        0,
        1,
        1,
        1
      ],
      "0.02": [
        1,
        1,
        0,
        0,
        0
      ],
      "0.05": [
        0,
        0,
        0,
        0,
        0
      ]
    },
    "topk": {
      "0.0": [
        1,
        1,
        1,
        1,
        1
      ],
      "0.001": [
        1,
        1,
        1,
        1,
        1
      ],
      "0.002": [
        1,
        1,
        1,
        1,
        1
      ],
      "0.005": [
        1,
        1,
        1,
        1,
        1
      ],
      "0.01": [
        1,
        1,
        1,
        1,
        1
      ],
      "0.02": [
        1,
        1,
        1,
        1,
        1
      ],
      "0.05": [
        1,
        1,
        1,
        1,
        1
      ]
    },
    "sampling": {
      "0.0": [
        1,
        1,
        1,
        1,
        1
      ],
      "0.001": [
        1,
        1,
        1,
        1,
        1
      ],
      "0.002": [
        1,
        1,
        1,
        1,
        1
      ],
      "0.005": [
        1,
        1,
        1,
        1,
        1
      ],
      "0.01": [
        1,
        1,
        1,
        1,
        1
      ],
      "0.02": [
        1,
        1,
        1,
        1,
        1
      ],
      "0.05": [
        1,
        1,
        1,
        1,
        1
      ]
    }
  }
}