{
  "config": {
    "n_A": 6,
    "n_B": 10,
    "n_C": 6,
    "n_samples": 800,
    "k": 7,
    "shots": 4096,
    "lam_grid": [
      0.0,
      0.5,
      1.0,
      1.5,
      2.0,
      3.0,
      4.0
    ],
    "sweep_seeds": [
      0,
      1,
      2,
      3,
      4
    ],
    "detail_seed": 0
  },
  "lam_star": 1.0,
  "Jstar": 1.8168832721601162,
  "detail": {
    "EXACT": {
      "J": 1.8168832721601165,
      "gap": -2.220446049250313e-16,
      "pct": 100.0,
      "svm": 0.8200000000000001,
      "comp": {
        "A": 1,
        "B": 6,
        "b": 0,
        "C": 0
      },
      "S": [
        4,
        6,
        7,
        8,
        9,
        10,
        11
      ]
    },
    "MI-top-k": {
      "J": -8.181782662507887,
      "gap": 9.998665934668002,
      "pct": 0.008795384182381086,
      "svm": 0.7025,
      "comp": {
        "A": 6,
        "B": 1,
        "b": 0,
        "C": 0
      },
      "S": [
        2,
        4,
        3,
        0,
        1,
        5,
        11
      ]
    },
    "Random-mRMR": {
      "J": 1.6640931737379294,
      "gap": 0.15279009842218683,
      "pct": 99.99296369265409,
      "svm": 0.76875,
      "comp": {
        "A": 1,
        "B": 5,
        "b": 1,
        "C": 0
      },
      "S": [
        3,
        6,
        7,
        8,
        10,
        11,
        12
      ]
    },
    "Greedy-mRMR": {
      "J": 1.7364042061370384,
      "gap": 0.08047906602307786,
      "pct": 99.99882728210902,
      "svm": 0.8012499999999999,
      "comp": {
        "A": 1,
        "B": 6,
        "b": 0,
        "C": 0
      },
      "S": [
        2,
        6,
        7,
        8,
        9,
        10,
        11
      ]
    },
    "SA": {
      "J": 1.8168832721601165,
      "gap": -2.220446049250313e-16,
      "pct": 100.0,
      "svm": 0.8200000000000001,
      "comp": {
        "A": 1,
        "B": 6,
        "b": 0,
        "C": 0
      },
      "S": [
        4,
        6,
        7,
        8,
        9,
        10,
        11
      ]
    },
    "MeanField(cl)": {
      "J": 1.8168832721601165,
      "gap": -2.220446049250313e-16,
      "pct": 100.0,
      "svm": 0.8200000000000001,
      "comp": {
        "A": 1,
        "B": 6,
        "b": 0,
        "C": 0
      },
      "S": [
        4,
        6,
        7,
        8,
        9,
        10,
        11
      ]
    }
  },
  "sweep": [
    {
      "lam": 0.0,
      "dSVM_rel": 0.0,
      "dSVM_rand": -0.007249999999999979,
      "dSVM_mf": 0.0,
      "dSVM_sa": 0.0,
      "rand_pct": 99.97033023735813,
      "svm_exact": 0.7152499999999999
    },
    {
      "lam": 0.5,
      "dSVM_rel": 0.07425000000000004,
      "dSVM_rand": 0.006000000000000005,
      "dSVM_mf": 0.0,
      "dSVM_sa": 0.0,
      "rand_pct": 99.98088469837695,
      "svm_exact": 0.7895
    },
    {
      "lam": 1.0,
      "dSVM_rel": 0.0787500000000001,
      "dSVM_rand": 0.016249999999999987,
      "dSVM_mf": 0.0,
      "dSVM_sa": 0.0,
      "rand_pct": 99.9842855802608,
      "svm_exact": 0.794
    },
    {
      "lam": 1.5,
      "dSVM_rel": 0.07850000000000001,
      "dSVM_rand": 0.015999999999999903,
      "dSVM_mf": 0.0012499999999998623,
      "dSVM_sa": 0.0,
      "rand_pct": 99.98229195984614,
      "svm_exact": 0.79375
    },
    {
      "lam": 2.0,
      "dSVM_rel": 0.07650000000000012,
      "dSVM_rand": 0.015499999999999958,
      "dSVM_mf": -0.0007500000000000284,
      "dSVM_sa": 0.0,
      "rand_pct": 99.98147105732247,
      "svm_exact": 0.7917500000000001
    },
    {
      "lam": 3.0,
      "dSVM_rel": 0.07275000000000009,
      "dSVM_rand": 0.018249999999999877,
      "dSVM_mf": 0.0020000000000000018,
      "dSVM_sa": 0.0,
      "rand_pct": 99.97232385777276,
      "svm_exact": 0.788
    },
    {
      "lam": 4.0,
      "dSVM_rel": 0.052750000000000075,
      "dSVM_rand": 0.00024999999999997247,
      "dSVM_mf": -0.009500000000000064,
      "dSVM_sa": 0.0,
      "rand_pct": 99.96939206304532,
      "svm_exact": 0.768
    }
  ]
}