{
 "config": {
  "lam": 1.0,
  "n_pre": 18,
  "k": 6,
  "seeds": [
   0,
   1,
   2,
   3,
   4
  ],
  "methods": [
   "rel",
   "rand",
   "greedy",
   "mf",
   "sa"
  ],
  "metric": "SVM-RBF 5-fold CV"
 },
 "datasets": {
  "WDBC": {
   "n_features_used": 18,
   "n_samples": 569,
   "svm_exact": 0.9676696165191739,
   "gap_mean": {
    "rel": 0.017907157273715214,
    "rand": 0.0003415618692748978,
    "greedy": 0.0014097189877347426,
    "mf": -0.001058841794752441,
    "sa": 0.0
   },
   "gap_std": {
    "rel": 0.0025874996620392416,
    "rand": 0.003916413894613801,
    "greedy": 0.004357279659231455,
    "mf": 0.004103613615165512,
    "sa": 0.0
   },
   "gapJ_mean": {
    "rel": 3.178036908001874,
    "rand": 0.017054757464649795,
    "greedy": 0.03238750889392672,
    "mf": 0.00664342615348148,
    "sa": -2.220446049250313e-16
   }
  },
  "Ionosphere": {
   "n_features_used": 18,
   "n_samples": 351,
   "svm_exact": 0.9282092555331992,
   "gap_mean": {
    "rel": 0.04902213279678065,
    "rand": 0.007404426559356114,
    "greedy": 0.0028329979879275547,
    "mf": -0.0017062374245472966,
    "sa": 0.0
   },
   "gap_std": {
    "rel": 0.0038031383935730268,
    "rand": 0.009637100235976857,
    "greedy": 0.0031151768108728804,
    "mf": 0.0034124748490945932,
    "sa": 0.0
   },
   "gapJ_mean": {
    "rel": 2.030087023585291,
    "rand": 0.14674970671775459,
    "greedy": 0.11901829339414227,
    "mf": 0.020214757655784666,
    "sa": 1.2212453270876722e-15
   }
  },
  "Sonar": {
   "n_features_used": 18,
   "n_samples": 208,
   "svm_exact": 0.7432984901277584,
   "gap_mean": {
    "rel": 0.006736353077816504,
    "rand": -0.0030197444831591147,
    "greedy": -0.0067595818815330945,
    "mf": 0.0,
    "sa": 0.0
   },
   "gap_std": {
    "rel": 0.008493932171769593,
    "rand": 0.017796811295910694,
    "greedy": 0.008940947297635966,
    "mf": 0.0,
    "sa": 0.0
   },
   "gapJ_mean": {
    "rel": 2.7363889488366486,
    "rand": 0.08201959247308413,
    "greedy": 0.2601083943658784,
    "mf": 0.0,
    "sa": 0.0
   }
  },
  "Parkinsons": {
   "n_features_used": 18,
   "n_samples": 195,
   "svm_exact": 0.874871794871795,
   "gap_mean": {
    "rel": 0.008205128205128264,
    "rand": -0.0030769230769230214,
    "greedy": 0.0,
    "mf": -0.008205128205128176,
    "sa": 0.0
   },
   "gap_std": {
    "rel": 0.011960926963785243,
    "rand": 0.006153846153846192,
    "greedy": 0.0,
    "mf": 0.006956235880128456,
    "sa": 0.0
   },
   "gapJ_mean": {
    "rel": 0.8666429037432902,
    "rand": 0.06892382363596843,
    "greedy": 0.0,
    "mf": 0.03566351781065462,
    "sa": 0.0
   }
  },
  "Spambase": {
   "n_features_used": 18,
   "n_samples": 4601,
   "svm_exact": 0.8968056932445829,
   "gap_mean": {
    "rel": 0.022560024547986557,
    "rand": 0.0010873341830712978,
    "greedy": 0.00021795779634612434,
    "mf": 0.0,
    "sa": 0.0
   },
   "gap_std": {
    "rel": 0.0015140583155572108,
    "rand": 0.002089760888138642,
    "greedy": 0.0008805195245689414,
    "mf": 0.0,
    "sa": 0.0
   },
   "gapJ_mean": {
    "rel": 1.0617358559273957,
    "rand": 0.04376464010866403,
    "greedy": 0.07182724881320679,
    "mf": 0.0,
    "sa": 0.0
   }
  },
  "QSAR-biodeg": {
   "n_features_used": 18,
   "n_samples": 1055,
   "svm_exact": 0.8254028436018958,
   "gap_mean": {
    "rel": 0.050236966824644534,
    "rand": -0.0018957345971563956,
    "greedy": 0.01061611374407585,
    "mf": 0.00037914691943126134,
    "sa": 0.0
   },
   "gap_std": {
    "rel": 0.004322940000375845,
    "rand": 0.006782386282463816,
    "greedy": 0.0025006456792933925,
    "mf": 0.0007582938388625228,
    "sa": 0.0
   },
   "gapJ_mean": {
    "rel": 3.975666118101658,
    "rand": 0.019861977755429326,
    "greedy": 0.23410373795730632,
    "mf": 0.0113834627538143,
    "sa": 0.0
   }
  },
  "Hill-Valley": {
   "n_features_used": 18,
   "n_samples": 1212,
   "svm_exact": 0.510737679828589,
   "gap_mean": {
    "rel": 0.0013195932387851772,
    "rand": 0.0003312587150970825,
    "greedy": 0.00016528925619835322,
    "mf": -0.0004938271604938427,
    "sa": 0.0
   },
   "gap_std": {
    "rel": 0.0033224556430105196,
    "rand": 0.0012303766970927915,
    "greedy": 0.0019766725583986702,
    "mf": 0.001995454819483251,
    "sa": 0.0
   },
   "gapJ_mean": {
    "rel": 0.1704585573019095,
    "rand": 0.011731145713124391,
    "greedy": 0.006523371869789685,
    "mf": 0.042568288088830286,
    "sa": 0.0
   }
  },
  "Wine": {
   "n_features_used": 13,
   "n_samples": 178,
   "svm_exact": 0.9561904761904761,
   "gap_mean": {
    "rel": -0.01917460317460329,
    "rand": 0.0,
    "greedy": -0.02238095238095239,
    "mf": 0.005682539682539689,
    "sa": 0.0
   },
   "gap_std": {
    "rel": 0.007522804835471423,
    "rand": 0.0,
    "greedy": 0.009487762469850582,
    "mf": 0.007902402911855707,
    "sa": 0.0
   },
   "gapJ_mean": {
    "rel": 1.5458783239069784,
    "rand": 6.661338147750939e-16,
    "greedy": 0.20181723996781176,
    "mf": 0.026298715428452503,
    "sa": 6.661338147750939e-16
   }
  },
  "Vehicle": {
   "n_features_used": 18,
   "n_samples": 846,
   "svm_exact": 0.6971611555864949,
   "gap_mean": {
    "rel": 0.06311869126348764,
    "rand": 0.012753219631047651,
    "greedy": 0.0,
    "mf": 0.0025951966585450402,
    "sa": 0.0
   },
   "gap_std": {
    "rel": 0.005898881291071745,
    "rand": 0.01339641107003305,
    "greedy": 0.0,
    "mf": 0.007107836574782163,
    "sa": 0.0
   },
   "gapJ_mean": {
    "rel": 6.367958056256147,
    "rand": 0.015033244406497203,
    "greedy": 0.0,
    "mf": 0.001236103334406824,
    "sa": 0.0
   }
  },
  "Digits": {
   "n_features_used": 18,
   "n_samples": 1797,
   "svm_exact": 0.8290473537604456,
   "gap_mean": {
    "rel": 0.04852615289384088,
    "rand": 0.00556669761683688,
    "greedy": 0.03160693283813054,
    "mf": 0.01936490250696372,
    "sa": 0.0
   },
   "gap_std": {
    "rel": 0.002534260076273235,
    "rand": 0.010964912170217061,
    "greedy": 0.007473054866442565,
    "mf": 0.017454539678764237,
    "sa": 0.0
   },
   "gapJ_mean": {
    "rel": 0.9493068405032785,
    "rand": 0.032823812463885105,
    "greedy": 0.002144121682023048,
    "mf": 0.001286473009214184,
    "sa": 8.881784197001252e-16
   }
  }
 }
}