{
  "scaling": {
    "methods": [
      "Greedy",
      "MeanField",
      "QAOA-mRMR",
      "Random",
      "SA",
      "VQC(all)",
      "VQC(no-ent)",
      "VQC(ring)"
    ],
    "per_n": {
      "SA": {
        "16": {
          "mean": -1.9081958235744878e-17,
          "ci_lo": -1.9259767392032497e-16,
          "ci_hi": 1.6306400674181987e-16,
          "median": -1.3877787807814457e-16,
          "n": 16,
          "frac_exact": 1.0
        },
        "18": {
          "mean": -1.457167719820518e-16,
          "ci_lo": -3.3306690738754696e-16,
          "ci_hi": 3.8163916471489756e-17,
          "median": -1.942890293094024e-16,
          "n": 16,
          "frac_exact": 1.0
        },
        "20": {
          "mean": 6.245004513516506e-17,
          "ci_lo": -1.3877787807814457e-16,
          "ci_hi": 2.8449465006019636e-16,
          "median": 0.0,
          "n": 16,
          "frac_exact": 1.0
        },
        "22": {
          "mean": 1.2663481374630692e-16,
          "ci_lo": -1.249000902703301e-16,
          "ci_hi": 3.694961003830599e-16,
          "median": 2.498001805406602e-16,
          "n": 16,
          "frac_exact": 1.0
        }
      },
      "MeanField": {
        "16": {
          "mean": 0.0019189817935773654,
          "ci_lo": -6.769758364999486e-17,
          "ci_hi": 0.005597159149369115,
          "median": 2.7755575615628914e-17,
          "n": 16,
          "frac_exact": 0.875
        },
        "18": {
          "mean": 6.110257130200608e-05,
          "ci_lo": -2.740863092043355e-16,
          "ci_hi": 0.00018330771390636172,
          "median": -8.326672684688674e-17,
          "n": 16,
          "frac_exact": 0.9375
        },
        "20": {
          "mean": 0.0082410809908759,
          "ci_lo": 1.8196294619077236e-05,
          "ci_hi": 0.01884932055905529,
          "median": 0.0,
          "n": 16,
          "frac_exact": 0.75
        },
        "22": {
          "mean": 0.008347125339703347,
          "ci_lo": 0.002089772623204221,
          "ci_hi": 0.016193523484676405,
          "median": 4.996003610813204e-16,
          "n": 16,
          "frac_exact": 0.625
        }
      },
      "VQC(no-ent)": {
        "16": {
          "mean": 0.14866927634166696,
          "ci_lo": 0.094800042876549,
          "ci_hi": 0.20703992811802038,
          "median": 0.129646337827813,
          "n": 16,
          "frac_exact": 0.125
        },
        "18": {
          "mean": 0.14369062511968284,
          "ci_lo": 0.10613600544750455,
          "ci_hi": 0.18032102357657295,
          "median": 0.17430782839664094,
          "n": 16,
          "frac_exact": 0.0
        },
        "20": {
          "mean": 0.21913238781531763,
          "ci_lo": 0.15508419975065507,
          "ci_hi": 0.2843700077881939,
          "median": 0.21549801501514076,
          "n": 16,
          "frac_exact": 0.0625
        },
        "22": {
          "mean": 0.20439236040011066,
          "ci_lo": 0.1387295781462483,
          "ci_hi": 0.27435675731330617,
          "median": 0.1818258569521035,
          "n": 16,
          "frac_exact": 0.0
        }
      },
      "VQC(ring)": {
        "16": {
          "mean": 0.07105019911540747,
          "ci_lo": 0.03321334170103221,
          "ci_hi": 0.11497266066235212,
          "median": 0.03238647370337183,
          "n": 16,
          "frac_exact": 0.3125
        },
        "18": {
          "mean": 0.09149825387488922,
          "ci_lo": 0.05188941539912686,
          "ci_hi": 0.1333950742325896,
          "median": 0.0708012828185873,
          "n": 16,
          "frac_exact": 0.1875
        },
        "20": {
          "mean": 0.12022467193118966,
          "ci_lo": 0.0779680815304151,
          "ci_hi": 0.17121208740502353,
          "median": 0.0762881758032703,
          "n": 16,
          "frac_exact": 0.0
        },
        "22": {
          "mean": 0.14124745923529786,
          "ci_lo": 0.09372578837050942,
          "ci_hi": 0.1929434934854738,
          "median": 0.13512637209990652,
          "n": 16,
          "frac_exact": 0.125
        }
      },
      "VQC(all)": {
        "16": {
          "mean": 0.019430815640585374,
          "ci_lo": 0.008148966553041342,
          "ci_hi": 0.03209769052518513,
          "median": 2.636779683484747e-16,
          "n": 16,
          "frac_exact": 0.5625
        },
        "18": {
          "mean": 0.027540031584776324,
          "ci_lo": 0.010274003228417,
          "ci_hi": 0.047499449039988643,
          "median": 0.0008746313754885437,
          "n": 16,
          "frac_exact": 0.375
        },
        "20": {
          "mean": 0.04194372920864941,
          "ci_lo": 0.009477295588394642,
          "ci_hi": 0.08363480049057369,
          "median": 5.551115123125783e-16,
          "n": 16,
          "frac_exact": 0.5625
        },
        "22": {
          "mean": 0.03992096660203871,
          "ci_lo": 0.01248155429352475,
          "ci_hi": 0.07174702720745858,
          "median": 8.187894806610529e-16,
          "n": 16,
          "frac_exact": 0.5625
        }
      },
      "QAOA-mRMR": {
        "16": {
          "mean": 0.17024556921177628,
          "ci_lo": 0.09953998797116899,
          "ci_hi": 0.25376678599761954,
          "median": 0.11899312766743164,
          "n": 16,
          "frac_exact": 0.0
        },
        "18": {
          "mean": 0.16289934751838403,
          "ci_lo": 0.09740213819343546,
          "ci_hi": 0.24187198176727012,
          "median": 0.09895896534158222,
          "n": 16,
          "frac_exact": 0.125
        },
        "20": {
          "mean": 0.23101160912678226,
          "ci_lo": 0.1817310937544348,
          "ci_hi": 0.28908762439291974,
          "median": 0.22478485560858064,
          "n": 16,
          "frac_exact": 0.0
        },
        "22": {
          "mean": 0.20090950031652127,
          "ci_lo": 0.13367394831537663,
          "ci_hi": 0.2755956510929391,
          "median": 0.2046760106235362,
          "n": 16,
          "frac_exact": 0.0625
        }
      }
    },
    "tests": {
      "gap_gt_0": {
        "VQC(no-ent)": {
          "p": 5.555823681751392e-12,
          "mean": 0.17897116241919453
        },
        "VQC(ring)": {
          "p": 8.128492284665484e-11,
          "mean": 0.10600514603919606
        },
        "VQC(all)": {
          "p": 4.656612873077393e-10,
          "mean": 0.03220888575901246
        },
        "QAOA-mRMR": {
          "p": 5.555823681751392e-12,
          "mean": 0.19126650654336594
        }
      },
      "circuit_gt_mf": {
        "VQC(no-ent)": {
          "p": 8.147778971559672e-12,
          "median_diff": 0.16286159171853698,
          "win_frac": 1.0
        },
        "VQC(ring)": {
          "p": 1.2637026938659e-10,
          "median_diff": 0.07539452428611759,
          "win_frac": 0.9811320754716981
        },
        "VQC(all)": {
          "p": 3.167690010741353e-06,
          "median_diff": 0.0,
          "win_frac": 0.8
        },
        "QAOA-mRMR": {
          "p": 5.555823681751392e-12,
          "median_diff": 0.1576927739130034,
          "win_frac": 1.0
        }
      },
      "paired": {
        "QAOA-mRMR__vs__VQC(ring)": {
          "median_diff": 0.085147930959943,
          "ci": [
            0.04747750466740874,
            0.137801301880907
          ],
          "win_frac": 0.7301587301587301,
          "p": 0.0002303206881945611
        },
        "QAOA-mRMR__vs__VQC(no-ent)": {
          "median_diff": 0.0058077363279041005,
          "ci": [
            -0.04929258554044447,
            0.05603926802103132
          ],
          "win_frac": 0.515625,
          "p": 0.8201320340210987
        },
        "VQC(no-ent)__vs__VQC(ring)": {
          "median_diff": 0.06324490336557642,
          "ci": [
            0.03630801058826405,
            0.09226017217528426
          ],
          "win_frac": 0.7627118644067796,
          "p": 0.00014227476261666834
        },